-- phpMyAdmin SQL Dump
-- version 4.6.5.2
-- https://www.phpmyadmin.net/
--
-- Host: 127.0.0.1
-- Generation Time: Apr 09, 2021 at 10:41 AM
-- Server version: 5.6.21
-- PHP Version: 5.6.3

SET SQL_MODE = "NO_AUTO_VALUE_ON_ZERO";
SET time_zone = "+00:00";


/*!40101 SET @OLD_CHARACTER_SET_CLIENT=@@CHARACTER_SET_CLIENT */;
/*!40101 SET @OLD_CHARACTER_SET_RESULTS=@@CHARACTER_SET_RESULTS */;
/*!40101 SET @OLD_COLLATION_CONNECTION=@@COLLATION_CONNECTION */;
/*!40101 SET NAMES utf8mb4 */;

--
-- Database: `hotelms`
--

-- --------------------------------------------------------

--
-- Table structure for table `booking`
--

CREATE TABLE `booking` (
  `booking_id` int(10) NOT NULL,
  `customer_id` int(10) NOT NULL,
  `room_id` int(10) NOT NULL,
  `booking_date` timestamp NOT NULL DEFAULT CURRENT_TIMESTAMP,
  `check_in` varchar(100) DEFAULT NULL,
  `check_out` varchar(100) NOT NULL,
  `total_price` int(10) NOT NULL,
  `remaining_price` int(10) NOT NULL,
  `payment_status` tinyint(1) NOT NULL
) ENGINE=InnoDB DEFAULT CHARSET=latin1;

--
-- Dumping data for table `booking`
--

INSERT INTO `booking` (`booking_id`, `customer_id`, `room_id`, `booking_date`, `check_in`, `check_out`, `total_price`, `remaining_price`, `payment_status`) VALUES
(1, 1, 5, '2017-11-13 05:45:17', '13-11-2017', '15-11-2017', 3000, 3000, 0),
(2, 2, 2, '2017-11-13 05:46:04', '13-11-2017', '16-11-2017', 6000, 0, 1),
(3, 3, 2, '2017-11-11 06:49:19', '11-11-2017', '14-11-2017', 6000, 3000, 0),
(4, 4, 7, '2017-11-09 06:50:24', '11-11-2017', '15-11-2017', 10000, 10000, 0),
(5, 5, 8, '2017-11-17 06:59:10', '17-11-2017', '20-11-2017', 12000, 0, 1);
-- --------------------------------------------------------

--
-- Table structure for table `complaint`
--

CREATE TABLE `complaint` (
  `id` int(11) NOT NULL,
  `complainant_name` varchar(100) NOT NULL,
  `complaint_type` varchar(100) NOT NULL,
  `complaint` varchar(200) NOT NULL,
  `created_at` timestamp NOT NULL DEFAULT CURRENT_TIMESTAMP,
  `resolve_status` tinyint(1) NOT NULL,
  `resolve_date` timestamp NULL DEFAULT CURRENT_TIMESTAMP ON UPDATE CURRENT_TIMESTAMP,
  `budget` int(11) DEFAULT NULL
) ENGINE=InnoDB DEFAULT CHARSET=latin1;

--
-- Dumping data for table `complaint`
--


INSERT INTO `complaint` (`id`, `complainant_name`, `complaint_type`, `complaint`, `created_at`, `resolve_status`, `resolve_date`, `budget`) VALUES
(1, 'Amit Sharma', 'AC Not Cooling', 'AC unit is not cooling properly even after maintenance', '2023-04-25 10:15:00', 0, NULL, 2500),
(2, 'Priya Patel', 'Water Leakage', 'Water leakage from bathroom ceiling', '2023-05-12 14:30:00', 1, '2023-05-13 09:45:00', 1500),
(3, 'Rahul Verma', 'Internet Connectivity', 'No internet connectivity in the room', '2023-06-03 16:00:00', 0, NULL, 1800),
(4, 'Neha Gupta', 'Electricity Issue', 'Power outage in the room frequently', '2023-06-15 11:20:00', 1, '2023-06-16 08:00:00', 2000),
(5, 'Suresh Singh', 'Cleaning Service', 'Room was not cleaned properly upon check-in', '2023-07-02 09:00:00', 0, NULL, 1200);

-- --------------------------------------------------------

--
-- Table structure for table `customer`
--

CREATE TABLE `customer` (
  `customer_id` int(10) NOT NULL,
  `customer_name` varchar(100) NOT NULL,
  `contact_no` bigint(20) NOT NULL,
  `email` varchar(100) NOT NULL,
  `id_card_type_id` int(10) NOT NULL,
  `id_card_no` varchar(20) NOT NULL,
  `address` varchar(100) NOT NULL
) ENGINE=InnoDB DEFAULT CHARSET=latin1;

--
-- Dumping data for table `customer`
--


INSERT INTO `customer` (`customer_id`, `customer_name`, `contact_no`, `email`, `id_card_type_id`, `id_card_no`, `address`) VALUES
(1, 'Deepika Singh', 9765432101, 'deepika.singh@example.com', 1, 'XYZAB5678H', '567 Gandhi Nagar, Bangalore'),
(2, 'Rajesh Sharma', 9898765432, 'rajesh.sharma@example.com', 2, 'MNOPQ6789I', '890 Main Road, Pune'),
(3, 'Sneha Kapoor', 9876543210, 'sneha.kapoor@example.com', 3, 'UVWXY7890J', '234 Park Street, Kolkata'),
(4, 'Vikas Verma', 9812345678, 'vikas.verma@example.com', 1, 'JKLMO1234K', '345 Civil Lines, Lucknow'),
(5, 'Shweta Gupta', 9753102468, 'shweta.gupta@example.com', 2, 'PQRST5678L', '456 Gandhi Chowk, Jaipur');


-- --------------------------------------------------------

--
-- Table structure for table `emp_history`
--

CREATE TABLE `emp_history` (
  `id` int(11) NOT NULL,
  `emp_id` int(11) NOT NULL,
  `shift_id` int(11) NOT NULL,
  `from_date` timestamp NOT NULL DEFAULT CURRENT_TIMESTAMP,
  `to_date` timestamp NULL DEFAULT NULL,
  `created_at` timestamp NOT NULL DEFAULT CURRENT_TIMESTAMP
) ENGINE=InnoDB DEFAULT CHARSET=latin1;

--
-- Dumping data for table `emp_history`
--

INSERT INTO `emp_history` (`id`, `emp_id`, `shift_id`, `from_date`, `to_date`, `created_at`) VALUES
(1, 1, 1, '2017-11-13 05:39:06', '2017-11-15 02:22:26', '2017-11-13 05:39:06'),
(2, 2, 3, '2017-11-13 05:39:39', '2017-11-15 02:22:43', '2017-11-13 05:39:39'),
(3, 3, 1, '2017-11-13 05:40:18', '2017-11-15 02:22:49', '2017-11-13 05:40:18');

-- --------------------------------------------------------

--
-- Table structure for table `id_card_type`
--

CREATE TABLE `id_card_type` (
  `id_card_type_id` int(10) NOT NULL,
  `id_card_type` varchar(100) NOT NULL
) ENGINE=InnoDB DEFAULT CHARSET=latin1;

--
-- Dumping data for table `id_card_type`
--

INSERT INTO `id_card_type` (`id_card_type_id`, `id_card_type`) VALUES
(1, 'National Identity Card'),
(2, 'Voter Id Card'),
(3, 'Pan Card'),
(4, 'Driving License');

-- --------------------------------------------------------

--
-- Table structure for table `room`
--

CREATE TABLE `room` (
  `room_id` int(10) NOT NULL,
  `room_type_id` int(10) NOT NULL,
  `room_no` varchar(10) NOT NULL,
  `status` tinyint(1) DEFAULT NULL,
  `check_in_status` tinyint(1) NOT NULL,
  `check_out_status` tinyint(1) NOT NULL,
  `deleteStatus` tinyint(1) DEFAULT '0'
) ENGINE=InnoDB DEFAULT CHARSET=latin1;

--
-- Dumping data for table `room`
--

INSERT INTO `room` (`room_id`, `room_type_id`, `room_no`, `status`, `check_in_status`, `check_out_status`, `deleteStatus`) VALUES
(1, 2, 'A-101', NULL, 0, 0, 1),
(2, 2, 'A-102', 1, 1, 1, 0),
(3, 3, 'A-103', NULL, 0, 0, 0),
(4, 1, 'B-101', 1, 0, 0, 0),
(5, 2, 'B-102', NULL, 0, 0, 1),
(6, 3, 'B-103', 1, 0, 0, 0),
(7, 1, 'C-101', 1, 0, 0, 0),
(8, 2, 'C-102', NULL, 0, 0, 0),
(9, 3, 'C-103', NULL, 0, 0, 1);

-- --------------------------------------------------------

--
-- Table structure for table `room_type`
--

CREATE TABLE `room_type` (
  `room_type_id` int(10) NOT NULL,
  `room_type` varchar(100) NOT NULL,
  `price` int(10) NOT NULL,
  `max_person` int(10) NOT NULL
) ENGINE=InnoDB DEFAULT CHARSET=latin1;

--
-- Dumping data for table `room_type`
--

INSERT INTO `room_type` (`room_type_id`, `room_type`, `price`, `max_person`) VALUES
(1, 'Single', 12000, 1),
(2, 'Double',8000, 2),
(3, 'Triple', 6000, 3);
-- --------------------------------------------------------

--
-- Table structure for table `shift`
--

CREATE TABLE `shift` (
  `shift_id` int(10) NOT NULL,
  `shift` varchar(100) NOT NULL,
  `shift_timing` varchar(100) NOT NULL
) ENGINE=InnoDB DEFAULT CHARSET=latin1;

--
-- Dumping data for table `shift`
--

INSERT INTO `shift` (`shift_id`, `shift`, `shift_timing`) VALUES
(1, 'Morning', '5:00 AM - 10:00 AM'),
(3, 'Evening', '4:00 PM - 10:00 PM');

-- --------------------------------------------------------

--
-- Table structure for table `staff`
--

CREATE TABLE `staff` (
  `emp_id` int(11) NOT NULL,
  `emp_name` varchar(100) NOT NULL,
  `staff_type_id` int(11) NOT NULL,
  `shift_id` int(11) NOT NULL,
  `id_card_type` int(11) NOT NULL,
  `id_card_no` varchar(20) NOT NULL,
  `address` varchar(100) NOT NULL,
  `contact_no` bigint(20) NOT NULL,
  `salary` bigint(20) NOT NULL,
  `joining_date` timestamp NOT NULL DEFAULT CURRENT_TIMESTAMP,
  `updated_at` timestamp NOT NULL DEFAULT CURRENT_TIMESTAMP ON UPDATE CURRENT_TIMESTAMP
) ENGINE=InnoDB DEFAULT CHARSET=latin1;

--
-- Dumping data for table `staff`
--

INSERT INTO `staff` (`emp_id`, `emp_name`, `staff_type_id`, `shift_id`, `id_card_type`, `id_card_no`, `address`, `contact_no`, `salary`, `joining_date`, `updated_at`) VALUES
(1, 'Pushpa Raj', 1, 3, 1, '422510099122', '4516 Spruce Drive\n', 3479454777, 21000, '2020-11-13 05:39:06', '2021-04-08 17:36:16'),
(2, 'Mohan Lal', 3, 3, 1, '422510099122', '2555 Hillside Drive', 1479994500, 12500, '2021-04-07 20:21:00', '2021-04-08 17:36:23'),
(3, 'Ashish Kumar', 2, 3, 1, '422510099122', 'Ap #897-1459 Quam Avenue', 976543111, 25000, '2019-11-13 05:40:18', '2021-04-08 17:36:27');
-- --------------------------------------------------------

--
-- Table structure for table `staff_type`
--

CREATE TABLE `staff_type` (
  `staff_type_id` int(10) NOT NULL,
  `staff_type` varchar(100) NOT NULL
) ENGINE=InnoDB DEFAULT CHARSET=latin1;

--
-- Dumping data for table `staff_type`
--

INSERT INTO `staff_type` (`staff_type_id`, `staff_type`) VALUES
(1, 'Manager'),
(2, 'Cook'),
(3, 'Room Cleaner');

-- --------------------------------------------------------

--
-- Table structure for table `user`
--

CREATE TABLE `user` (
  `id` int(11) NOT NULL,
  `name` varchar(100) NOT NULL,
  `username` varchar(15) NOT NULL,
  `email` varchar(100) NOT NULL,
  `password` varchar(100) NOT NULL,
  `created_at` timestamp NOT NULL DEFAULT CURRENT_TIMESTAMP
) ENGINE=InnoDB DEFAULT CHARSET=latin1;

--
-- Dumping data for table `user`
--

INSERT INTO `user` (`id`, `name`, `username`, `email`, `password`, `created_at`) VALUES
(1, 'nilesh', 'nilesh', 'nilesh@gmail.com', '1234', '2015-11-12 12:49:22');


--
-- Indexes for dumped tables
--

--
-- Indexes for table `booking`
--
ALTER TABLE `booking`
  ADD PRIMARY KEY (`booking_id`),
  ADD KEY `customer_id` (`customer_id`),
  ADD KEY `room_id` (`room_id`);

--
-- Indexes for table `complaint`
--
ALTER TABLE `complaint`
  ADD PRIMARY KEY (`id`);

--
-- Indexes for table `customer`
--
ALTER TABLE `customer`
  ADD PRIMARY KEY (`customer_id`),
  ADD KEY `customer_id_type` (`id_card_type_id`);

--
-- Indexes for table `emp_history`
--
ALTER TABLE `emp_history`
  ADD PRIMARY KEY (`id`),
  ADD KEY `emp_id` (`emp_id`),
  ADD KEY `shift_id` (`shift_id`);

--
-- Indexes for table `id_card_type`
--
ALTER TABLE `id_card_type`
  ADD PRIMARY KEY (`id_card_type_id`);

--
-- Indexes for table `room`
--
ALTER TABLE `room`
  ADD PRIMARY KEY (`room_id`),
  ADD KEY `room_type_id` (`room_type_id`);

--
-- Indexes for table `room_type`
--
ALTER TABLE `room_type`
  ADD PRIMARY KEY (`room_type_id`);

--
-- Indexes for table `shift`
--
ALTER TABLE `shift`
  ADD PRIMARY KEY (`shift_id`);

--
-- Indexes for table `staff`
--
ALTER TABLE `staff`
  ADD PRIMARY KEY (`emp_id`),
  ADD KEY `id_card_type` (`id_card_type`),
  ADD KEY `shift_id` (`shift_id`),
  ADD KEY `staff_type_id` (`staff_type_id`);

--
-- Indexes for table `staff_type`
--
ALTER TABLE `staff_type`
  ADD PRIMARY KEY (`staff_type_id`);

--
-- Indexes for table `user`
--
ALTER TABLE `user`
  ADD PRIMARY KEY (`id`);

--
-- AUTO_INCREMENT for dumped tables
--

--
-- AUTO_INCREMENT for table `booking`
--
ALTER TABLE `booking`
  MODIFY `booking_id` int(10) NOT NULL AUTO_INCREMENT, AUTO_INCREMENT=9;
--
-- AUTO_INCREMENT for table `complaint`
--
ALTER TABLE `complaint`
  MODIFY `id` int(11) NOT NULL AUTO_INCREMENT, AUTO_INCREMENT=6;
--
-- AUTO_INCREMENT for table `customer`
--
ALTER TABLE `customer`
  MODIFY `customer_id` int(10) NOT NULL AUTO_INCREMENT, AUTO_INCREMENT=9;
--
-- AUTO_INCREMENT for table `emp_history`
--
ALTER TABLE `emp_history`
  MODIFY `id` int(11) NOT NULL AUTO_INCREMENT, AUTO_INCREMENT=22;
--
-- AUTO_INCREMENT for table `id_card_type`
--
ALTER TABLE `id_card_type`
  MODIFY `id_card_type_id` int(10) NOT NULL AUTO_INCREMENT, AUTO_INCREMENT=5;
--
-- AUTO_INCREMENT for table `room`
--
ALTER TABLE `room`
  MODIFY `room_id` int(10) NOT NULL AUTO_INCREMENT, AUTO_INCREMENT=27;
--
-- AUTO_INCREMENT for table `room_type`
--
ALTER TABLE `room_type`
  MODIFY `room_type_id` int(10) NOT NULL AUTO_INCREMENT, AUTO_INCREMENT=11;
--
-- AUTO_INCREMENT for table `shift`
--
ALTER TABLE `shift`
  MODIFY `shift_id` int(10) NOT NULL AUTO_INCREMENT, AUTO_INCREMENT=5;
--
-- AUTO_INCREMENT for table `staff`
--
ALTER TABLE `staff`
  MODIFY `emp_id` int(11) NOT NULL AUTO_INCREMENT, AUTO_INCREMENT=14;
--
-- AUTO_INCREMENT for table `staff_type`
--
ALTER TABLE `staff_type`
  MODIFY `staff_type_id` int(10) NOT NULL AUTO_INCREMENT, AUTO_INCREMENT=10;
--
-- AUTO_INCREMENT for table `user`
--
ALTER TABLE `user`
  MODIFY `id` int(11) NOT NULL AUTO_INCREMENT, AUTO_INCREMENT=4;
--
-- Constraints for dumped tables
--

--
-- Constraints for table `booking`
--
ALTER TABLE `booking`
  ADD CONSTRAINT `booking_ibfk_1` FOREIGN KEY (`customer_id`) REFERENCES `customer` (`customer_id`),
  ADD CONSTRAINT `booking_ibfk_2` FOREIGN KEY (`room_id`) REFERENCES `room` (`room_id`);

--
-- Constraints for table `customer`
--
ALTER TABLE `customer`
  ADD CONSTRAINT `customer_ibfk_1` FOREIGN KEY (`id_card_type_id`) REFERENCES `id_card_type` (`id_card_type_id`);

--
-- Constraints for table `emp_history`
--
ALTER TABLE `emp_history`
  ADD CONSTRAINT `emp_history_ibfk_1` FOREIGN KEY (`emp_id`) REFERENCES `staff` (`emp_id`),
  ADD CONSTRAINT `emp_history_ibfk_2` FOREIGN KEY (`shift_id`) REFERENCES `shift` (`shift_id`);

--
-- Constraints for table `room`
--
ALTER TABLE `room`
  ADD CONSTRAINT `room_ibfk_1` FOREIGN KEY (`room_type_id`) REFERENCES `room_type` (`room_type_id`);

--
-- Constraints for table `staff`
--
ALTER TABLE `staff`
  ADD CONSTRAINT `staff_ibfk_1` FOREIGN KEY (`id_card_type`) REFERENCES `id_card_type` (`id_card_type_id`),
  ADD CONSTRAINT `staff_ibfk_2` FOREIGN KEY (`shift_id`) REFERENCES `shift` (`shift_id`),
  ADD CONSTRAINT `staff_ibfk_3` FOREIGN KEY (`staff_type_id`) REFERENCES `staff_type` (`staff_type_id`);

/*!40101 SET CHARACTER_SET_CLIENT=@OLD_CHARACTER_SET_CLIENT */;
/*!40101 SET CHARACTER_SET_RESULTS=@OLD_CHARACTER_SET_RESULTS */;
/*!40101 SET COLLATION_CONNECTION=@OLD_COLLATION_CONNECTION */;
